Kecamatan,Nama Wisata,Place Id,Lokasi,Harga,Deskripsi singkat,Deskripsi panjang
Air Hangat,Air Panas Semurup,ChIJdXJozXenLS4RCQzic-sTdTE,"Jalan Wisata Air Panas Semurup No. 1, Koto Baru Semurup, Air Hangat, Air Panas Baru, Kec. Air Hangat, Kabupaten Kerinci, Jambi 37161, Indonesia",5000,"Air Panas Semurup merupakan salah satu objek wisata yang terletak di Kabupaten Kerinci, Jambi. Tepatnya di Desa Air Panas Baru, Kecamatan Air Hangat Timur. Sumber Air Panas Semurup ini memiliki luas 76 m². Air Panas Semurup yang keluar dari perut bumi merupakan sumber mata air panas alami dari kegiatan vulkanik.","Air Panas Semurup merupakan salah satu objek wisata yang terletak di Kabupaten Kerinci, Jambi. Tepatnya di Desa Air Panas Baru, Kecamatan Air Hangat Timur. Sumber Air Panas Semurup ini memiliki luas 76 m2. Air Panas Semurup yang keluar dari perut bumi merupakan sumber mata air panas alami dari kegiatan vulkanik. Air Panas Semurup ini sering mengeluarkan uap panas yang berbau belerang. Suhu Air Panas Semurup ini sekitar 85 derajat celsius. Sebelum gempa bumi tahun 1995 lalu di Kerinci suhu air ini lebih dari 100 derajat celsius. Ketika tiba di tempat ini wisatawan bisa melihat asap mengepul tinggi di mata air panas. Selain itu wisatawan juga bisa merebus telur ataupun pisang di sumber Air Panas Semurup ini. Di sekitar lokasi Air Panas Semurup terdapat fasilitas kolam pemandian yang dapat digunakan para wisatawan. Di sekitar tempat sumber Air Panas Semurup ini terdapat fasilitas yang dapat digunakan wisatawan yaitu seperti kolam renang, kamar mandi, dan pondok-pondok tempat berteduh. Untuk menyewa kamar mandi wisatawan hanya dikenakan biaya tiga ribu rupiah. Setelah bayar sewa pengunjung bisa mandi sepuasnya. Air Hangat Semurup dapat dicapai melalui jalur darat dimulai dari Kota jambi ke sungai Penuh. Jarak antara Jambi ke Sungai Penuh sekitar 500 km dengan waktu tempuh 10-11 jam. Selain itu untuk sampai ke Air Panas Semurup dapat dimulai dari Kota Padang ke Tapan kemudian dilanjutkan ke Sungai Penuh dengan jarah tempuh 278 km dan waktu perjalanan ditempuh kira-kira dengan waktu 7 jam. Setelah sampai di Kota Sungai Penuh perjalanan dilanjutkan ke Desa Air Panas Baru, Kecamatan Air Hangat Timur, dan berjarak kira-kira 9 km."
Air Hangat,Air Panas 1 Semurup (Gao Semurup),ChIJTRXwMJ2nLS4R2MuLF3PNGtE,"Dusun Baru Semurup, 2974+H26, Kerinci, Dusun Baru Semurup, Kec. Air Hangat, Jambi, 37161, Indonesia",5000,"Air Panas Semurup merupakan salah satu objek wisata yang terletak di Kabupaten Kerinci, Jambi. Tepatnya di Desa Air Panas Baru, Kecamatan Air Hangat Timur. Sumber Air Panas Semurup ini memiliki luas 76 m². Air Panas Semurup yang keluar dari perut bumi merupakan sumber mata air panas alami dari kegiatan vulkanik.","Air Panas Semurup merupakan salah satu objek wisata yang terletak di Kabupaten Kerinci, Jambi. Tepatnya di Desa Air Panas Baru, Kecamatan Air Hangat Timur. Sumber Air Panas Semurup ini memiliki luas 76 m2. Air Panas Semurup yang keluar dari perut bumi merupakan sumber mata air panas alami dari kegiatan vulkanik. Air Panas Semurup ini sering mengeluarkan uap panas yang berbau belerang. Suhu Air Panas Semurup ini sekitar 85 derajat celsius. Sebelum gempa bumi tahun 1995 lalu di Kerinci suhu air ini lebih dari 100 derajat celsius. Ketika tiba di tempat ini wisatawan bisa melihat asap mengepul tinggi di mata air panas. Selain itu wisatawan juga bisa merebus telur ataupun pisang di sumber Air Panas Semurup ini. Di sekitar lokasi Air Panas Semurup terdapat fasilitas kolam pemandian yang dapat digunakan para wisatawan. Di sekitar tempat sumber Air Panas Semurup ini terdapat fasilitas yang dapat digunakan wisatawan yaitu seperti kolam renang, kamar mandi, dan pondok-pondok tempat berteduh. Untuk menyewa kamar mandi wisatawan hanya dikenakan biaya tiga ribu rupiah. Setelah bayar sewa pengunjung bisa mandi sepuasnya. Air Hangat Semurup dapat dicapai melalui jalur darat dimulai dari Kota jambi ke sungai Penuh. Jarak antara Jambi ke Sungai Penuh sekitar 500 km dengan waktu tempuh 10-11 jam. Selain itu untuk sampai ke Air Panas Semurup dapat dimulai dari Kota Padang ke Tapan kemudian dilanjutkan ke Sungai Penuh dengan jarah tempuh 278 km dan waktu perjalanan ditempuh kira-kira dengan waktu 7 jam. Setelah sampai di Kota Sungai Penuh perjalanan dilanjutkan ke Desa Air Panas Baru, Kecamatan Air Hangat Timur, dan berjarak kira-kira 9 km."
Air Hangat,Air Terjun Pendung Mudik,ChIJ2clsM7inLS4RKdXhYpp_BCQ,"29RP+J42, Pendung Mudik, Air Hangat, Kerinci Regency, Jambi 37161, Indonesia",5000,,
Air Hangat Timur,Pemandian Air Panas Pancuran Tujuh Sungai Tutung,ChIJc9IoQ6umLS4RPQZDWRYcBRs,"XCGH+5H8, Desa Baru Sungai Tutung, Air Hangat Timur, Kerinci Regency, Jambi 37161, Indonesia",5000,,
Air Hangat Timur,Air Terjun Sungai Medang,ChIJCaKQlb2mLS4R2L_cEYYaGPs,"XCR9+XC6, Sungai Medang, Air Hangat Timur, Kerinci Regency, Jambi 37161, Indonesia",5000,,
Danau Kerinci,Hutan Pinus SMK-SPP Negeri Kerinci,ChIJEa8O0_aXLS4ReK1glkdBmZw,"Jl. Cassiavera, Sanggaran Agung, Kec. Danau Kerinci, Kabupaten Kerinci, Jambi, Indonesia",5000,,
Danau Kerinci,Taman Husein,ChIJ03mv12CXLS4RONVCWbYFX0k,"RGVH+3XV, Tanjung Batu, Danau Kerinci, Kerinci Regency, Jambi, Indonesia",5000,,
Danau Kerinci,Pantai Pasir Panjang Desa Tanjung Tanah,ChIJWT_PgGiYLS4RZXbjvkBglHk,"Unnamed Road, VFJR+FCC, Tj. Tanah, Kec. Danau Kerinci, Kabupaten Kerinci, Jambi 37172, Indonesia",5000,,
Danau Kerinci,Taman Pertiwi,ChIJAQAAAGy8LS4RNGylT8REXNg,"Desa Pendung Talang Genting, RT.01, Sanggaran Agung, Kec. Danau Kerinci, Kabupaten Kerinci, Jambi 37172, Indonesia",5000,,
Danau Kerinci,Pantai Indah Koto Petai,ChIJUSSdZF-YLS4RO_Qi3oMGlN0,"Kerinci, Koto Petai, Danau Kerinci, Kerinci Regency, Jambi, Indonesia",5000,,"Masyarakat yang tinggal di sekitar Danau Kerinci, tentu sudah tak asing lagi dengan pantai ini. Pantai Indah Koto Petai menjadi tempat rekreasi favorit keluarga dengan suguhan pemandangan yang memukau. Warga pun lebih suka berkunjung ke pantai ini, dikala hari libur karena biaya masuknya yang terjangkau. Meskipun berada di tepi sebuah danau, uniknya pantai ini memiliki pasir putih sehingga amat mirip dengan mayoritas pantai yang berbatasan langsung dengan laut. Walau pantai tak begitu luas, tetapi hamparan pasir putih ini sudah mampu menarik hati wisatawan. Ombaknya pun tak begitu besar, sehingga sangat aman bagi pengunjung yang membawa anak-anak berekreasi. Pengunjung bisa dengan leluasa bermain air, berenang dan mandi pada Pantai Indah Koto Petai. Wisatawan juga akan dibuat betah berlama-lama karena air di pantai ini sangat jernih dan bersih. Di depan mata akan terbentang luas keindahan Danau Kerinci, yang semakin memanjakan mata. Ditepian pantai, akan ditemukan banyak perahu-perahu milik nelayan yang bersandar. Terkadang, aktivitas nelayan yang mencari ikan di danau pun sangat menarik untuk disaksikan. Di sekitar pantai juga terdapat keramba-keramba milik nelayan yang bisa dikunjungi. Disini wisatawan bisa memberi makan kepada ikan-ikan yang tak pernah merasa kenyang. Di Pantai Indah Koto Petai terdapat beberapa wahana wisata air yang bisa dinikmati. Wisatawan bisa mengelilingi Danau Kerinci dengan menaiki sampan yang disewakan pengelola. Tak hanya itu, ada juga speedboat dan juga kapal pompong yang bisa mengangkut lebih dari 100 wisatawan dalam sekali perjalanan. Berkeliling Danau Kerinci dengan menaiki kapal pompong dapat menjadi pilihan. Wisatawan akan dibawa ke spot-spot terbaik, dengan pemandangan yang luar biasa indahnya. Biaya sewanya pun sangatlah terjangkau, hanya dengan Rp. 20.000 wisatawan sudah bisa menaiki kapal pompong ini. Pada Pantai Indah Koto Petai ini juga memiliki jembatan dengan panjang kurang lebih 100 meter. Jembatan ini menjorok ke danau, dan banyak wisatawan yang menggunakan jembatan ini untuk menikmati keindahan Danau Kerinci lebih dekat. Dari jembatan, pemandangan pun akan terasa lebih indah dengan sejuknya angin sepoi-sepoi yang tiada henti berhembus."
Depati Tujuh,Taman Putri Tunggal,ChIJcXgD0EenLS4R4Q0iUhJhHrI,"X9M7+MF6, Sekungkung, Depati Tujuh, Kerinci Regency, Jambi 37161, Indonesia",5000,,"Taman ini dibangun pada tahun 2008, dan memiliki luas lahan mencapai satu hektar. Berada tepat dilereng perbukitan membuat suasana alam nan asri menjadi daya tarik utama yang ditawarkan. Berbeda dengan tempat wisata di Kerinci pada umumnya, Taman Putri Tunggal ini dikelola dan dimiliki oleh perseorangan. Pada awalnya, pemilik objek wisata ini membangun sebuah taman lengkap dengan kolam karena beliau hobi budidaya ikan. Melihat minat dan antusiasme masyarakat yang berkunjung, akhirnya Taman Putri Tunggal dibuka untuk umum pada tahun 2016 lalu. Meskipun tergolong baru, namun taman ini selalu ramai dikunjungi, apalagi disaat hari libur atau akhir pekan. Saat tiba di lokasi taman, wisatawan harus berjalan kaki dengan menaiki dan menuruni jalan setapak yang cukup menantang. Tak begitu jauh untuk mencapainya, dan disepanjang perjalanan ini wisatawan akan dimanjakan dengan aneka tanaman hias, serta bunga dengan warna beragam. Indahnya pemandangan pun sudah bisa dinikmati dalam perjalanan ini. Ditengah Taman Putri Tunggal, terdapat sebuah kolam buatan dengan ukuran yang cukup besar. Kolam ini diisi dengan berbagai jenis ikan seperti ikan emas, dan ikan nila. Ditengah kolam, juga bisa dijumpai sebuah gazebo utama berukuran besar. Dipinggir kolam pun terdapat gazebo-gazebo yang mengelilingi, namun dengan ukurang yang lebih kecil. Gazebo utama ini menjadi tempat favorit wisatawan untuk menikmati keindahan Taman Putri Tunggal. Sembari bersantai, pengunjung bisa memberi makan ikan-ikan yang tepat berada dibawah gazebo. Suasana asri, udara yang sejuk menjadikan tempat ini sangat cocok untuk menghabiskan waktu bersama kerabat, teman, dan keluarga. Tempat wisata yang dikonsep secara outdoor juga menjadi destinasi favorit para mahasiswa, karyawan, rombongan keluarga, serta beberapa organisasi. Uniknya, para pengunjung diperbolehkan untuk membawa bekal dan menyantapnya di gazebo-gazebo sekitar kolam tanpa harus membeli makanan dikantin yang disediakan. Selain menikmati hamparan sawah serta rindangnya pepohonan, di taman ini pengunjung juga diperkenankan untuk memancing ikan dikolam. Bagi para penghobi memancing, tempat ini bisa menjadi alternatif yang menarik untuk memuaskan hobi. Terkadang akan terlihat pula aktivitas para petani yang tengah menanam padi ataupun memanen padi."
Gunung Kerinci,Panorama Bukit Tirai Embun Danau Tinggi,ChIJK6ZQk4YBLS4RHGlcHgQMEeQ,"48MG+7G6, Danau Tinggi, Gunung Kerinci, Kerinci Regency, Jambi 37162, Indonesia",5000,,"Panorama alam yang memukau membuat para wisatawan berkunjung ke negeri sakti alam kerinci atau biasa dengan julukan negeri sekepal tanah surga ini, objek wisata alam Bukit Tirai Embun ini selalu dipadati pengunjung baik, masyarakat lokal maupun yang berasal dari luar daerah dalam provinsi jambi dan nasional. Panorama Bukit Tirai Embun cocok untuk bersantai dan berkemah sambil menikmati liburan bersama teman-teman dan keluarga di temani dengan pemandangan latar belakang gunung kerinci yang diselimuti tirai embun, apalagi pas suasana di pagi hari adalah spot yang sangat cocok untuk berfoto mengabadikan moment liburan tersebut. Di pagi hari, jika cuaca cerah pengunjung bisa menikmati keindahan Gunung Kerinci dan embun yang berada di bawahnya. “Di sana kita disuguhkan dengan pemandangan yang indah, Gunung Kerinci yang tepat berada di depan mata dengan dihiasi&nbsp; gumpulan awan putih di pagi hari, Camping di Bukit Tirai Embun, Kayu Aro, Kabupaten Kerinci adalah tempat yang paling tepat untuk menghabiskan akhir pekan bersama keluarga, teman, dan komunitas."
Gunung Raya,Danau Kaco,ChIJwUit706PLS4RB9twbXfc-JQ,"Dusun Baru Lempur, Gunung Raya, Kerinci Regency, Jambi, Indonesia",5000,"Danau Kaco merupakan danau yang terletak di kabupaten Kerinci, Jambi. Tepatnya di desa Lempur, kecamatan Gunung Raya. Danau ini berada di kawasan Taman Nasional Kerinci Seblat yang merupakan situs warisan UNESCO. Danau kaco memiliki luas sekitar 90 meter persegi dan memiliki kedalaman yang belum diketahui.","Danau Kaco merupakan danau yang terletak di kabupaten Kerinci, Jambi. Tepatnya di desa Lempur, kecamatan Gunung Raya. Danau ini berada di kawasan Taman Nasional Kerinci Seblat (TNKS) yang merupakan situs warisan UNESCO. Danau kaco memiliki luas sekitar 90 meter persegi dan memiliki kedalaman yang belum diketahui. Secara geografis danau ini terletak di 101.540402 BT dan 2.330258 LS pada ketinggian 1229 mdpl. Danau kaco dapat memancarkan cahaya terang di malam hari pancaran cahaya itu semakin terang pada saat malam bulan purnama atau malam tanggal 15 penanggalan Hijriah.  Danau Kaco memiliki keunikan yang khas yang jarang dimiliki oleh danau-danau lain yang ada di Indonesia. Keunikan tersebut seperti Danau Kaco dapat mengeluarkan cahaya yang terang, terutama pada saat bulan purnama. Warna air di danau ini adalah cyan atau hijau kebiruan yang sangat jernih dan berkilau di malam hari. Jika wisatawan datang ke Danau Kaco pada saat bulan purnama maka para wisatawan tidak membutuhkan alat bantu penerangan karena air danau dapat mengeluarkan cahaya yang cukup terang. Jika dilihat dari kejauhan cahaya yang dipancarkan oleh Danau Kaco akan terlihat seperti lampu yang diarahkan kelangit. Warna air yang unik dan kejernihan danau ini menjadikan kedalaman danau sulit ditebak dan diukur. Sampai saat ini titik terdalam yang berhasil diukur oleh pemandu lokal dari Lempur Mudik adalah 20 m. Suhu air di danau Kaco sendiri cenderung lebih rendah dibandingkan dengan suhu lingkungan di sekitarnya. Karena keunikan air danaunya banyak peneliti, pemerhati alam, dan wisatawan yang ingin mengetahui sebab dibalik warna cyan jernih danau ini. Pendapat paling ilmiah yang bisa dirangkum dari situs perjalanan, situs pribadi dan wawancara dengan masyarakat adalah karena kandungan mineral tertentu di sedimen danau ini yang menghasilkan pancaran warna cyan. Secara kimia, struktur molekul air sendiri memberikan warna instrinsik biru pada masa air. Warna ini akan terlihat jelas sebanding dengan peningkatan jumlah masa air. Beberapa kandungan kimia seperti kalsium karbonat dan kaolin juga dapat memancarkan warna biru kehijauan. Warna biru alami pada masa air inilah yang dapat menjadi indikator kualitas ekosistem dan daerah aliran sungai. Danau dengan warna kebiruan cenderung lebih atrofik dibandingkan dengan warna lain. Danau dengan warna ini merupakan indikator daerah aliran sungai yang masih terawat dan belum banyak ecological foot-print dari manusia yang mempengaruhi kualitas lingkungan di sekitarnya. Namun, danau ini cenderung sedikit dihuni oleh biota air seperti ikan, zooplankton dan fitoplankton. Mengingat kondisi di Danau kaco sendiri banyak ditemukan ikan semah (Tordouronensis), hipotesa lain pun muncul. Secara biologi, fitoplankton dan algae dari golongan chlorophyceae, cyanophyceace juga dapat menghasilkan warna biru kehijauan. Sedangkan beberapa organisme dari golongan diatomae dapat memancarkan kilauan keemasan di malam hari. Danau Kaco dapat dicapai melalui jalur darat dimulai dari Kota jambi ke sungai Penuh. Jarak antara Jambi ke Sungai Penuh sekitar 500 km dengan waktu tempuh 10-11 jam. Selanjutnya dari Sungai Penuh dilanjutkan ke desa terdekat yaitu Desa Lempur,Kecamatan Gunung Raya dalam waktu 45 Menit dengan kendaraan roda empat ataupun roda dua. Setelah itu dilanjutkan lagi dengan berjalan kaki menyelusuri hutan selama 3-5 jam. Selama perjalanan pengunjung akan disuguhkan dengan pemandangan alam yang masih sangat asri, salah satunya kita disuguhkan oleh pemandangan air terjun yang dapat kita lihat sewaktu dalam perjalanan."
Gunung Raya,Danau lingkat,ChIJhVRA2OmPLS4RgBYsjYGSUtw,"Lempur Hilir, Gunung Raya, Kerinci Regency, Jambi, Indonesia",5000,"Danau Lingkat adalah sebuah danau yang terletak di Kepulauan Riau, Indonesia yang juga menjadi tujuan wisata. Memiliki air berwarna hijau pekat, serta panorama indah dari pegunungan, deretan pohon, dan juga perbukitan.",
Gunung Tujuh,Air Terjun Telun Berasap,ChIJj1O5AoP4LC4RO434YA6PvmU,"Telun Berasap, Gunung Tujuh, Kerinci Regency, Jambi 27778, Indonesia",5000,"Air Terjun Telun Berasap adalah salah satu dari begitu banyak air terjun yang terdapat di kabupaten Kerinci, Jambi. Air terjun yang terletak di desa Telun Berasap ini memiliki ketinggian kurang lebih 50 Meter.","Air Terjun Telun Berasap adalah salah satu dari begitu banyak air terjun yang terdapat di Kabupaten Kerinci. Air terjun ini memiliki ketinggian kurang lebih 50 Meter. Sumber air dari Air Terjun Telun Berasap adalah sungai-sungai yang berhulu disekitar Gunung Tujuh, dan sumber utama airnya adalah Air Terjun Gunung Tujuh, yaitu air terjun yang mengalir dari bibir Danau Gunung Tujuh yang terdapat di puncak Gunung Tujuh. Air Terjun Telun Berasap terdapat di Telun Berasap, Gunung Tujuh, Kerinci. Air Terjun Telun Berasap menawarkan panorama alam yang asri. Masyarakat setempat memberikan nama telun berasap karena keunikan air terjun tersebut yang selalu diselimuti kabut air yang seolah-olah menyerupai asap putih, akibat derasnya air yang terhempas ke batu dan menguap. Keunikan lain dari Air Terjun Telun Berasap yaitu adanya sebuah goa yang cukup luas di balik air terjun tersebut. Namun karena derasnya Air Terjun Telun Berasap membuat belum ada orang yang menyelusuri goa tersebut secara menyeluruh. Untuk menikmati keunikan dan pemandangan yang disuguhkan oleh Air terjun Telun Berasap wisatawan dapat memilih beberapa cara pertama yaitu dengan menikmati keindahan dari ketinggian disalah satu pondok yang ada disekitar air terjun. Kedua jika wisatawan cukup berani maka wisatawan juga bisa menikmati keunikan dan keindahan air terjun dengan langsung naik ke atas tepatnya dipinggir tebing Air Terjun Telun Berasap. Air Terjun Telun Berasap dapat dicapai melalui jalur darat yang dapat dimulai dari Kota Jambi ataupun dari Kota Padang. Ada tiga alternatif yang dapat dipilih pengujung untuk bisa sampai ke Air Terjun Telun Berasap yaitu pertama perjalanan di mulai dari Kota Jambi ke Sungai Penuh dengan jarak sekitar 500 km dan waktunya tempuhnya sekitar 10 jam. Kedua perjalanan bisa di mulai dari Kota Padang ke Tapan kemudian dilanjutkan ke Sungai Penuh dengan jarak tempuh 278 km dan waktu perjalanan ditempuh kira-kira dengan waktu 7 jam. Ketiga perjalanan dimulai dari Kota Padang Ke Muaralabuh kemudian perjalanan dilanjutkan ke Kersik Tuo dengan jarak 211 km dan dapat dicapai dengan waktu sekitar 5-6 jam. Setelah mencapai pintu kawasan objek wisata dilanjutkan dengan berjalan kaki menyelusuri jalan tangga semen yang menurun. Jarak tempuh melalui ratusan anak tangga menuju Air Terjun Telun Bersap yaitu kira-kira 300 meter."
Gunung Tujuh,Rawa Bento,ChIJjU6CoO5VLC4RgSGZpnQ2QA0,"Jernih Jaya, Gunung Tujuh, Kerinci Regency, Jambi 37162, Indonesia",5000,"Rawa Bento merupakan rawa tertinggi yang ada di Sumatra yaitu pada ketinggian 1333 mdpl. Rawa ini terletak di terletak di Desa Jernih Jaya, Kecamatan Gunung Tujuh, Kabupaten Kerinci, Jambi.",
Gunung Tujuh,Danau Gunung 7 Taman Nasional Kerinci Seblat,ChIJSZxdC4pWLC4RLi6NwcAUj6g,"79WQ+CGP, Telun Berasap, Gunung Tujuh, Kerinci Regency, Jambi 37163, Indonesia",5000,"Danau Gunung Tujuh merupakan danau yang terletak di desa Pelompek, kabupaten Kerinci, Jambi. Danau ini berada di kawasan Gunung Tujuh, sebuah gunung yang berada tepat di belakang Gunung Kerinci. Gunung Tujuh masih termasuk dalam wilayah Taman Nasional Kerinci Seblat yang merupakan Situs Warisan Dunia UNESCO.","Taman Nasional Kerinci Seblat (disngkat TNKS) adalah taman nasional terbesar di Sumatra yang memiliki luas wilayah sebesar 13,750 km². Taman nasional ini terletak pada koordinat antara 100°31'18""E - 102°44'01""E dan 1°07'13""S - 1°26'14""S. Secara administratif wilayah taman nasional ini berada di 14 kabupaten dan 2 kota yang termasuk dalam 4 provinsi yaitu Sumatra Barat, Jambi, Bengkulu, dan Sumatra Selatan. Taman nasional ini terdiri dari Pegunungan Bukit Barisan yang memiliki wilayah dataran tertinggi di Sumatra, Gunung Kerinci (3.805 m). Taman nasional ini juga terdiri dari mata air-mata air panas, sungai-sungai beraliran deras, gua-gua, air terjun-air terjun dan danau kaldera tertinggi di Asia Tenggara, Danau Gunung Tujuh. Taman nasional ini juga memiliki beragam flora dan fauna. Sekitar 4.000 spesies tumbuhan tumbuh di wilayah taman nasional termasuk bunga terbesar di dunia Rafflesia arnoldi, dan bunga tertinggi di dunia, Amorphophallus titanum. Fauna di wilayah taman nasional terdiri antara lain harimau sumatra, badak sumatra, gajah sumatra, macan dahan, tapir melayu, beruang madu, dan sekitar 370 spesies burung. Diterimanya Warisan Hutan Hujan Tropis Sumatra ke daftar Situs Warisan Dunia oleh UNESCO, membuat Taman Nasional Kerinci Seblat juga diterima sebagai Situs Warisan Dunia UNESCO. Bersama dengan Taman Nasional Gunung Leuser dan Taman Nasional Bukit Barisan Selatan. Selain itu taman nasional ini masuk sebagai Taman Warisan ASEAN sejak 18 Desember 2003. Kawasan Taman Nasional Kerinci Seblat merupakan kawasan konservasi daratan terluas di Indonesia yang dinobatkan sebagai situs warisan dunia oleh UNESCO semenjak tahun 2004. Merupakan habitat dari berbagai flora fauna langka dan endemik seperti Harimau sumatera, Gajah Sumatera, Beruang madu, Tapir asia, Rafflesia, Taxus sumatrana, Pinus merkusii strain Kerinci dan lain-lain. Selain itu, Taman Nasional Kerinci Seblat juga memiliki keunikan yakninya dimana kawasan Taman Nasional ini memiliki area yang sangat luas yaitunya lebih kurang 1.368.000 Ha. Luasnya kawasan Taman Nasional tersebut menjadikannya Taman Nasional yang meliputi empat provinsi, Provinsi Jambi, Sumatra Barat, Bengkulu, serta Provinsi Sumaera Selatan. Keunikan lainnya dari Taman Nasional Kerinci Seblat dapat dilihat dengan terdapatnya beberapa tipe ekosistem hutan.  Dimulai dari tipe ekosistem hutan dataran rendah hingga ekosistem sub alpin serta beberapa ekosistem khas seperti rawa gambut, rawa air tawar, dan juga danau. "
Gunung Tujuh,"Air terjun, desa air tenang",ChIJQUPTQ2H5LC4RpEdxQbJvDhE,"Air tenang, Pelompek, Kec. Gn. Tujuh, Kabupaten Kerinci, Jambi 27778, Indonesia",5000,,
Gunung Tujuh,Danau Bento,ChIJ6-EJ1wj_LC4R-VdLGJ0G1ao,"Jernih Jaya, Gunung Tujuh, Kerinci Regency, Jambi 37162, Indonesia",5000,,
Gunung Tujuh,Gunung Kerinci,ChIJhWK-d2n5LC4RaflHgRtJ_qQ,"Bengkolan Dua, Gunung Tujuh, Kerinci Regency, Jambi 27778, Indonesia",5000,"Gunung Kerinci adalah gunung tertinggi di pulau Sumatra dan gunung berapi tertinggi di Indonesia. Gunung Kerinci terletak di perbatasan Kabupaten Kerinci, Jambi dan Kabupaten Solok Selatan, Sumatra Barat, di Pegunungan Bukit Barisan dengan ketinggian 3.805 mdpl.","Gunung Kerinci (juga dieja ""Kerintji"", dan dikenal sebagai Gunung Gadang, Merapi) adalah gunung tertinggi di pulau Sumatra dan gunung berapi tertinggi di Indonesia. Gunung Kerinci terletak di perbatasan Kabupaten Kerinci, Jambi dan Kabupaten Solok Selatan, Sumatra Barat, di Pegunungan Bukit Barisan dengan ketinggian 3.805 mdpl. Gunung ini juga menjadi batas antara wilayah Suku Kerinci dengan Etnis Minangkabau yang dikelilingi hutan lebat Taman Nasional Kerinci Seblat, merupakan habitat harimau sumatra dan badak sumatra.[1] Gunung Kerinci merupakan gunung berapi bertipe stratovulcano yang masih aktif dan terakhir kali meletus pada tahun 2009. Pada puncak Gunung Kerinci, dapat melihat di kejauhan membentang pemandangan indah Kota Jambi, Kota Padang, dan Kota Bengkulu. Bahkan Samudra Hindia yang luas dapat terlihat dengan jelas. Gunung Kerinci memiliki kawah seluas 400 x 120 meter dan berisi air yang berwarna hijau. Di sebelah timur terdapat Rawa Bento, rawa berair jernih tertinggi di Sumatra. Di belakangnya terdapat Gunung Tujuh dengan kawah yang hampir tak tersentuh."
Gunung Tujuh,Gunung Tujuh,ChIJqSUtlAhWLC4RqZcTHrbWZ-A,"8C5M+3XQ, Pesisir Bukit, Gunung Tujuh, Kerinci Regency, Jambi 37163, Indonesia",5000,"Danau Gunung Tujuh merupakan danau yang terletak di desa Pelompek, kabupaten Kerinci, Jambi. Danau ini berada di kawasan Gunung Tujuh, sebuah gunung yang berada tepat di belakang Gunung Kerinci. Gunung Tujuh masih termasuk dalam wilayah Taman Nasional Kerinci Seblat yang merupakan Situs Warisan Dunia UNESCO.","Terdiri dari tujuh gunung, yaitu Gunung Hulu Tebo (2.525 mdpl), Gunung Hulu Sangir (2.330 mdpl), Gunung Madura Besi (2.418 mdpl), Gunung Lumut yang ditumbuhi berbagai jenis Lumut (2.350 mdpl), Gunung Selasih (2.230 mdpl), Gunung Jar Panggang (2.469 mdpl), dan Gunung Tujuh itu sendiri (2.735 mdpl). Di beberapa gunung ini terdapat sumber air, yang menyebabkan air di danau ini tidak pernah habis. Pendakian dari gerbang pos Taman Nasional Kerinci Seblat sampai Danau Gunung Tujuh memerlukan waktu dua sampai tiga jam. Dari gerbang pos Taman Nasional Kerinci Seblat, ada dua pilihan jalur pendakian. Jalur pertama, lebih landai namun jarak tempuhnya lebih jauh dan jalur kedua, memiliki tanjakan yang curam namun jaraknya lebih dekat.Kedua jalur itu akan bertemu dan setelah itu para pendaki harus melewati jalur menurun yang cukup tajam yang akan sampai di tepi Danau Gunung Tujuh. Dari situ, para pendaki dapat langsung melihat danau tertinggi di Asia Tenggara itu."
Kayu Aro,Perkebunan Teh Kayu Aro,ChIJiYsvRxb-LC4RTdpk3Z2DQJE,"678F+G9H, Lindung Jaya, Kayu Aro, Kerinci Regency, Jambi 37163, Indonesia",5000,"Kebun teh Kayu Aro terletak di kaki Gunung Kerinci, tepatnya di kecamatan Kayu Aro, Kerinci, provinsi Jambi. Kebun teh ini memiliki luas sekitar 2.500 hektar dan berada diketinggian 1.600 mdpl.","Kebun teh Kayu Aro terletak di kaki Gunung Kerinci, tepatnya di kecamatan Kayu Aro, Kerinci, provinsi Jambi. Kebun teh ini memiliki luas sekitar 2.500 hektar dan berada diketinggian 1.600 mdpl. Perkebunan teh Kayu Aro merupakan perkebunan teh tertua di Indonesia, yang sudah ada semenjak masa penjajahan kolonial Belanda dan merupakan kebun teh tertinggi kedua didunia setelah perkebunan teh Darjeeling di Himalaya, India.Kebun teh ini dibangun oleh pemerintah kolonial Belanda pada sekitar tahun 1925 hingga tahun 1928 bersamaan dengan pabriknya. Lahan yang dulunya berupa hutan, diubah menjadi sebuah perkebunan yang mulanya ditanami kopi. Namun karena hasil yang kurang memuaskan, Belanda pun akhirnya menanami kebun ini dengan tanaman teh. Setelah Indonesia merdeka, perkebunan ini pun beberapa kali mengalami perubahan status dan juga manajemen. Akhirnya pada tahun 1974, kebun teh ini secara resmi dinauingi oleh PT Perkebunan VIII. Namun pada tahun 1996 perusahaan ini dikonsolidasi dengan beberapa perusahaan yang ada di Sumatera Barat dan Jambi dan berubah menjadi PT Perkebunan Nusantara VI. Berselang dua tahun, Perkebunan teh Kayu Aro dibuka secara resmi sebagai sebuah destinasi wisata."
Kayu Aro,Tugu Macan,ChIJGWYBDEf-LC4R9C6uPKHSXmg,"Jl. Lintas Sungai Penuh No.16, Kersik Tuo, Kec. Kayu Aro, Kabupaten Kerinci, Jambi 37163, Indonesia",5000,,
Kayu Aro,Aroma Pecco,ChIJF3W8OOEBLS4RKuyAyqXu8fQ,"57XC+R89, Bento, Kec. Kayu Aro, Kabupaten Kerinci, Jambi 37163, Indonesia",5000,"Taman dengan danau buatan yang berada di tengah Kebun Teh Kayu Aro. Berbagai aktivitas dapat dilakukan di tempat ini, seperti bermain flying fox, sepeda air, hingga camping.",
Kayu Aro,Danau Belibis,ChIJo8qQ5SL8LC4RfnzbdWzHvUs,"765V+G5G, Giri Mulyo, Kayu Aro, Kerinci Regency, Jambi 37163, Indonesia",5000,,
Kayu Aro,Taman Bunga Asri Kayu Aro Kerinci,ChIJO0lGU6z_LC4RB1vjKTHc0DU,"68M2+W95, Sangir, Kayu Aro, Kerinci Regency, Jambi 37163, Indonesia",5000,,
Kayu Aro,Shelter 2 Gunung Kerinci Taman Nasional Kerinci Seblat,ChIJkSdZk0X5LC4RxXC6xdNeDu8,"77R9+45J, Sangir, Kayu Aro, Kerinci Regency, Jambi 37163, Indonesia",5000,,
Kayu Aro,Landmark kayu aro,ChIJAQ38v00BLS4RW9j7688ksFQ,"673F+227, Barat, Bento, Kayu Aro, Kerinci Regency, Jambi 37163, Indonesia",5000,,
Kayu Aro,Pohon Kayu Aro,ChIJG24gdSACLS4Rcf64jDqd8FE,"57M2+5VP, Sako Duo, Kayu Aro, Kerinci Regency, Jambi 37163, Indonesia",5000,,
Kayu Aro Barat,Land Mark Sungai Asam Desa Tertinggi di Sumatera,ChIJyYWXkr4BLS4RAbes2Urtch8,"Simpang Tiga Panorama, Sungai Asam, Kecamatan Kayu Aro Barat, Kabupaten Kerinci, Jambi 37163, Indonesia",5000,,
Keliling Danau,Air Terjun Pancaro Rayo,ChIJUTWqdfmbLS4RLDR-tXdlBOY,"RC7Q+88X, Dsn. Baru P. Tengah, Keliling Danau, Kerinci Regency, Jambi 37173, Indonesia",5000,"Air Terjun Pancaro Rayo adalah salah satu Air Terjun tertinggi di Desa Koto Tuo Kecamatan Keliling Danau, Kabupaten Kerinci, Provinsi Jambi, yakni dengan ketinggian kurang lebih 150 meter.",
Siulak,Taman Wisata Ayla,ChIJjeowLw4HLS4RaOy4YsQgFG8,"388M+QQ4, Sungai Pegeh, Siulak, Kerinci Regency, Jambi 37162, Indonesia",5000,,
Siulak,Taman bukit tengah,ChIJtxcG5QKoLS4RbHK1fBvFYTE,"385W+C4Q, Mukai Tinggi, Siulak, Kerinci Regency, Jambi 37162, Indonesia",5000,,
Siulak,Air Terjun Arai Indah,ChIJJ7pI1OCnLS4RkDTzHrzGLj0,"Unnamed Road, 3957+43P, Mukai Pintu, Kec. Siulak, Kabupaten Kerinci, Jambi 37161, Indonesia",5000,,
Siulak,Air Terjun Lembah Mengurai,ChIJzXFzHNapLS4RGWVcnb4yEp0,"38VV+V93, Koto Lebuh Tinggi, Siulak, Kerinci Regency, Jambi 37162, Indonesia",5000,,
Siulak,WaterPark pancoe7,ChIJda8h1MIHLS4RtyTJ7zMpf4U,"38H9+M9X, Lubuk Nagodang, Siulak, Kerinci Regency, Jambi 37162, Indonesia",5000,,"Waterpark Pancoe7 Kerinci bisa menjadi pilihan keluarga berwisata air di akhir pekan. Wisata air ini berlokasi di di Lubuk Nagodang, Siulak, Kerinci. Wisata air ini tempat seru-seruan bermain air bersama keluarga. Banyak wahana air yang ditawarkan di Waterpark Pancoe7 Kerinci ini. Mulai dari kolam renang dewasa, anak-anak, area bermain anak, dan masih banyak wahana seru lainnya."
Siulak,Taman Wisata Dam Sinar Pagi,ChIJO6YsNowJLS4RPG7cgS3aoqM,"Koto Kapeh, Siulak, Kerinci Regency, Jambi 37162, Indonesia",5000,,